acheteur	article	vendeur	prix unitaire	quantité	heure_transaction	note	avis
Saul	amyla (pomme de terre)	Jeanne	1.55	4	"1993-06-04 16:18:30"		
Saul	vitelotte noire (pomme de terre)	Corentin	1.36	19	"1993-06-04 16:18:30"		
Saul	maigold (pomme)	Oleg	1.87	11	"1993-06-04 16:18:30"		
Saul	annabelle (pomme de terre)	Ulysse	0.06	7	"1993-02-03 17:24:14"		
Saul	casablanca (pomme de terre)	Fabienne	0.92	11	"1993-02-03 17:24:14"		
Saul	longue queue (pomme)	Ulysse	0.23	4	"1993-02-03 17:24:14"		
Saul	modi (pomme)	Yves	1.44	20	"1993-02-03 17:24:14"		
Saul	maigold (pomme)	Oleg	1.87	16	"1993-02-03 17:24:14"		
Saul	chataignier (pomme)	Fabienne	1.8	9	"1993-02-03 17:24:14"		
Saul	juliet (pomme)	Prisha	1.31	17	"1993-02-03 17:24:14"		
Saul	bon père (pomme)	Xian	0.2	9	"1993-02-03 17:24:14"		
Saul	ail rocambole (légume)	Xian	1.84	6	"1993-02-03 17:24:14"		
Saul	salicorne (légume)	Goro	0.61	8	"1993-02-03 17:24:14"	2	pas bien
Saul	konbu (légume)	Goro	1.31	20	"1993-02-03 17:24:14"		
Saul	onagre (légume)	Yves	0.91	11	"1992-01-24 09:31:19"		
Saul	konbu (légume)	Goro	1.31	4	"1992-01-24 09:31:19"		
Saul	royal (pomme de terre)	Lei	1.82	14	"1992-01-24 09:31:19"		
Saul	adirondack blue (pomme de terre)	Corentin	0.3	10	"1992-01-24 09:31:19"	3	moyen
Saul	idole (pomme de terre)	Tara	1.4	15	"1992-01-24 09:31:19"		
Saul	céleri (légume)	Rose	1.53	14	"1992-01-24 09:31:19"		
Saul	haricot de Lima (légume)	Natalie	0.95	19	"1991-10-20 23:10:31"		
Saul	ariane (pomme de terre)	Yves	0.87	17	"1991-10-20 23:10:31"		
Saul	cresson alénois (légume)	Oleg	1.42	12	"1991-10-20 23:10:31"		
Saul	redstar (pomme de terre)	Xian	1.39	11	"1991-10-20 23:10:31"		
Saul	suvi (pomme de terre)	Prisha	0.41	8	"1991-10-20 23:10:31"		
Saul	ribston pippin (pomme)	Wilson	0.64	3	"1991-10-20 23:10:31"		
Saul	royal (pomme de terre)	Lei	1.82	17	"1991-10-20 23:10:31"		
Saul	sagitta (pomme de terre)	Ulysse	0.38	8	"1991-10-20 23:10:31"		
Saul	premiere (pomme de terre)	Martin	0.51	18	"1991-10-20 23:10:31"		
Saul	haricot mungo (légume)	Corentin	0.93	14	"1991-10-20 23:10:31"		
Saul	reinette de granville (pomme)	Jeanne	1.85	2	"1991-05-11 18:35:17"		
Saul	cresson alénois (légume)	Oleg	1.42	11	"1991-05-11 18:35:17"		
Saul	scarole (légume)	Goro	1.2	6	"1991-05-11 18:35:17"		
Saul	ribston pippin (pomme)	Wilson	0.64	19	"1991-05-11 18:35:17"		
Saul	brocoli (légume)	Natalie	1.39	9	"1991-05-11 18:35:17"		
Saul	chérie (pomme de terre)	Rose	0.28	11	"1991-05-11 18:35:17"		
Saul	sagitta (pomme de terre)	Ulysse	0.38	18	"1991-05-11 18:35:17"		
Saul	galeuse (pomme)	Martin	1.31	9	"1993-08-18 04:41:16"		
Saul	reinette de caux (pomme)	Corentin	0.69	16	"1991-06-12 20:51:56"		
Saul	cresson alénois (légume)	Oleg	1.42	18	"1991-06-12 20:51:56"		
Saul	céleri (légume)	Rose	1.53	18	"1991-06-12 20:51:56"		
Béatrice	poire (fruit)	Natalie	1.54	12	"1991-11-25 22:43:02"		
Béatrice	vitelotte noire (pomme de terre)	Corentin	1.36	4	"1991-11-25 22:43:02"		
Béatrice	asterix (pomme de terre)	Danielle	1.84	12	"1991-11-25 22:43:02"		
Béatrice	asterix (pomme de terre)	Danielle	1.84	10	"1991-02-10 00:10:46"		
Béatrice	annabelle (pomme de terre)	Ulysse	0.06	14	"1991-02-10 00:10:46"		
Béatrice	radicchio (légume)	Prisha	0.47	6	"1991-05-10 09:52:58"		
Béatrice	basilic (légume)	Ulysse	0.63	8	"1991-05-10 09:52:58"		
Béatrice	ail rocambole (légume)	Xian	1.84	13	"1991-05-10 09:52:58"	2	pas bien
Béatrice	cara (pomme de terre)	Yves	1.64	8	"1991-05-10 09:52:58"		
Béatrice	framboise (fruit)	Prisha	0.79	7	"1991-05-10 09:52:58"		
Béatrice	courge (légume)	Zoé	1.52	3	"1991-05-10 09:52:58"		
Béatrice	chataignier (pomme)	Fabienne	1.8	8	"1992-04-18 21:39:44"		
Béatrice	armada (pomme de terre)	Hélène	1.22	13	"1992-04-18 21:39:44"		
Béatrice	sagitta (pomme de terre)	Ulysse	0.38	1	"1992-04-18 21:39:44"		
Béatrice	poire (fruit)	Natalie	1.54	20	"1992-04-18 21:39:44"		
Béatrice	radicchio (légume)	Prisha	0.47	6	"1992-04-18 21:39:44"		
Béatrice	cara (pomme de terre)	Yves	1.64	11	"1992-04-18 21:39:44"		
Béatrice	konbu (légume)	Goro	1.31	19	"1992-04-18 21:39:44"		
Béatrice	golden orange (pomme)	Lei	0.02	13	"1992-04-18 21:39:44"		
Béatrice	poire (fruit)	Natalie	1.54	12	"1991-06-16 10:28:13"		
Béatrice	idole (pomme de terre)	Tara	1.4	11	"1991-06-16 10:28:13"		
Béatrice	raifort (légume)	Goro	2.0	15	"1991-06-16 10:28:13"		
Béatrice	radis serpent (légume)	Prisha	0.22	19	"1991-06-16 10:28:13"		
Béatrice	suvi (pomme de terre)	Prisha	0.41	15	"1991-06-16 10:28:13"		
Alan	kardal (pomme de terre)	Tara	1.67	14	"1993-12-06 15:47:38"		
Alan	piochon (pomme)	Vera	0.71	6	"1992-12-08 22:09:28"		
Alan	modi (pomme)	Yves	1.44	8	"1991-12-09 06:06:04"		
Alan	haricot mungo (légume)	Corentin	0.93	12	"1991-12-09 06:06:04"	2	pas bien
Alan	brocoli (légume)	Natalie	1.39	15	"1991-12-09 06:06:04"		
Alan	reinette de savoie (pomme)	Jeanne	1.76	19	"1991-12-09 06:06:04"		
Alan	radicchio (légume)	Prisha	0.47	6	"1991-12-09 06:06:04"		
Alan	cresson alénois (légume)	Oleg	1.42	6	"1993-01-09 09:56:00"		
Alan	basilic (légume)	Ulysse	0.63	12	"1993-01-09 09:56:00"		
Alan	pomme d'enfer (pomme)	Oleg	0.6	9	"1993-01-09 09:56:00"		
Alan	constance (pomme)	Igor	1.02	11	"1993-01-09 09:56:00"		
Alan	adirondack blue (pomme de terre)	Corentin	0.3	13	"1993-01-09 09:56:00"		
Alan	cabarette (pomme)	Igor	1.7	1	"1993-01-09 09:56:00"		
Alan	brocoli chinois (légume)	Rose	0.04	11	"1993-01-09 09:56:00"		
Alan	onagre (légume)	Yves	0.91	14	"1992-04-27 23:19:52"		
Alan	brocoli chinois (légume)	Rose	0.04	17	"1993-04-06 17:08:15"		
Alan	reinette de savoie (pomme)	Jeanne	1.76	14	"1992-02-01 14:22:15"		
Alan	premiere (pomme de terre)	Martin	0.51	2	"1992-02-01 14:22:15"		
Alan	cresson des jardins (légume)	Jeanne	1.17	20	"1992-02-01 14:22:15"		
Alan	william's pride (pomme)	Corentin	0.87	5	"1992-02-01 14:22:15"		
Kyle	citron (fruit)	Goro	1.82	18	"1993-09-04 13:01:37"		
Kyle	modi (pomme)	Yves	1.44	5	"1993-09-04 13:01:37"		
Kyle	chataignier (pomme)	Fabienne	1.8	2	"1993-09-04 13:01:37"		
Kyle	cresson des jardins (légume)	Jeanne	1.17	20	"1993-09-04 13:01:37"		
Kyle	casablanca (pomme de terre)	Fabienne	0.92	3	"1993-09-04 13:01:37"		
Kyle	galeuse (pomme)	Martin	1.31	1	"1993-09-04 13:01:37"		
Kyle	cara (pomme de terre)	Yves	1.64	17	"1993-09-04 13:01:37"	2	pas bien
Kyle	idole (pomme de terre)	Tara	1.4	8	"1993-09-04 13:01:37"		
Kyle	basilic (légume)	Ulysse	0.63	13	"1991-08-08 06:06:43"		
Kyle	reinette de savoie (pomme)	Jeanne	1.76	16	"1991-08-08 06:06:43"		
Kyle	asterix (pomme de terre)	Danielle	1.84	7	"1991-08-08 06:06:43"		
Kyle	longue queue (pomme)	Ulysse	0.23	15	"1991-10-14 18:27:33"	2	pas bien
Kyle	premiere (pomme de terre)	Martin	0.51	12	"1992-05-06 05:43:49"		
Kyle	framboise (fruit)	Prisha	0.79	16	"1992-05-06 05:43:49"		
Kyle	reinette de granville (pomme)	Jeanne	1.85	20	"1992-11-01 01:43:07"	4	bien
Kyle	reinette de caux (pomme)	Corentin	0.69	3	"1992-11-01 01:43:07"		
Kyle	sagitta (pomme de terre)	Ulysse	0.38	2	"1992-11-01 01:43:07"		
Kyle	piochon (pomme)	Vera	0.71	11	"1992-11-01 01:43:07"		
Kyle	cresson des jardins (légume)	Jeanne	1.17	10	"1992-11-01 01:43:07"		
Kyle	kancon (légume)	Oleg	1.43	2	"1992-11-01 01:43:07"		
Kyle	airelle (fruit)	Fabienne	1.1	10	"1992-11-01 01:43:07"		
Kyle	scarole (légume)	Goro	1.2	11	"1992-11-01 01:43:07"		
Kyle	william's pride (pomme)	Corentin	0.87	8	"1992-11-01 01:43:07"		
Kyle	granny smith (pomme)	Vera	1.05	8	"1992-11-01 01:43:07"		
Kyle	airelle (fruit)	Fabienne	1.1	13	"1993-02-07 17:36:40"		
Kyle	royal (pomme de terre)	Lei	1.82	4	"1993-02-07 17:36:40"		
Kyle	cara (pomme de terre)	Yves	1.64	11	"1993-02-07 17:36:40"		
Kyle	golden orange (pomme)	Lei	0.02	11	"1993-02-07 17:36:40"		
Kyle	haricot de Lima (légume)	Natalie	0.95	12	"1993-02-07 17:36:40"		
Kyle	piochon (pomme)	Vera	0.71	4	"1993-02-07 17:36:40"	5	parfait
Kyle	onagre (légume)	Yves	0.91	9			
Kyle	barima (pomme de terre)	Igor	0.02	7			
Kyle	royal (pomme de terre)	Lei	1.82	12			
Lei	haricot mungo (légume)	Quentin	0.1	16	"1993-12-10 13:34:38"		
Lei	radis serpent (légume)	Prisha	0.22	3	"1993-12-10 13:34:38"		
Lei	adirondack blue (pomme de terre)	Corentin	0.3	19	"1993-12-10 13:34:38"		
Lei	constance (pomme)	Igor	1.02	9	"1993-12-10 13:34:38"		
Lei	poire (fruit)	Natalie	1.54	9	"1993-12-10 13:34:38"		
Lei	haricot de Lima (légume)	Natalie	0.95	4	"1993-12-10 13:34:38"		
Lei	brocoli (légume)	Natalie	1.39	4	"1993-12-10 13:34:38"		
Lei	reinette grise de saintonge (pomme)	Jeanne	0.25	5	"1993-12-10 13:34:38"	2	pas bien
Lei	brocoli chinois (légume)	Rose	0.04	9	"1993-12-10 13:34:38"		
Lei	chérie (pomme de terre)	Rose	0.28	2	"1993-12-10 13:34:38"		
Lei	pomme d'enfer (pomme)	Oleg	0.6	11	"1991-06-17 11:53:50"		
Lei	william's pride (pomme)	Corentin	0.87	3	"1991-06-17 11:53:50"		
Lei	cabarette (pomme)	Igor	1.7	11	"1991-06-17 11:53:50"		
Lei	salicorne (légume)	Goro	0.61	9	"1991-06-17 11:53:50"		
Lei	framboise (fruit)	Prisha	0.79	19	"1991-06-17 11:53:50"		
Lei	ariane (pomme de terre)	Yves	0.87	18	"1991-06-17 11:53:50"		
Lei	kancon (légume)	Oleg	1.43	13	"1991-06-17 11:53:50"	4	bien
Lei	asterix (pomme de terre)	Danielle	1.84	6	"1991-06-17 11:53:50"		
Lei	chérie (pomme de terre)	Rose	0.28	19	"1993-11-18 09:59:32"		
Lei	brocoli chinois (légume)	Rose	0.04	10	"1993-11-18 09:59:32"	4	bien
Lei	maigold (pomme)	Oleg	1.87	3	"1993-11-18 09:59:32"		
Lei	raifort (légume)	Goro	2.0	5	"1993-03-01 19:23:17"		
Lei	fève (légume)	Erwan	1.88	10	"1993-03-01 19:23:17"		
Lei	citron (fruit)	Goro	1.82	11	"1993-03-01 19:23:17"		
Lei	modi (pomme)	Yves	1.44	17	"1993-03-01 19:23:17"		
Lei	radicchio (légume)	Prisha	0.47	15	"1993-03-01 19:23:17"		
Lei	kancon (légume)	Oleg	1.43	18	"1993-03-01 19:23:17"		
Lei	cara (pomme de terre)	Fabienne	0.99	11	"1993-03-01 19:23:17"		
Lei	victoria (pomme de terre)	Hélène	0.87	16	"1993-03-01 19:23:17"	3	moyen
Lei	bon père (pomme)	Xian	0.2	20	"1993-03-01 19:23:17"		
Lei	granny smith (pomme)	Vera	1.05	11	"1993-03-01 19:23:17"	2	pas bien
Corentin	redstar (pomme de terre)	Xian	1.39	17	"1991-05-11 09:45:19"		
Corentin	radicchio (légume)	Prisha	0.47	14	"1991-05-11 09:45:19"		
Corentin	modi (pomme)	Yves	1.44	9	"1991-05-11 09:45:19"		
Corentin	suvi (pomme de terre)	Prisha	0.41	9	"1991-05-11 09:45:19"		
Corentin	constance (pomme)	Igor	1.02	9	"1991-05-11 09:45:19"		
Corentin	galeuse (pomme)	Martin	1.31	6	"1992-07-12 11:31:31"	4	bien
Corentin	kancon (légume)	Oleg	1.43	16	"1992-07-12 11:31:31"		
Corentin	sagitta (pomme de terre)	Ulysse	0.38	12	"1992-07-12 11:31:31"		
Corentin	ariane (pomme)	Martin	1.75	11	"1992-07-12 11:31:31"	5	parfait
Corentin	scarole (légume)	Goro	1.2	19	"1992-07-12 11:31:31"		
Corentin	juliet (pomme)	Prisha	1.31	19	"1992-07-12 11:31:31"		
Corentin	courge (légume)	Zoé	1.52	20	"1992-07-12 11:31:31"		
Corentin	onagre (légume)	Yves	0.91	9	"1992-07-12 11:31:31"	3	moyen
Corentin	casablanca (pomme de terre)	Fabienne	0.92	11	"1993-02-02 01:32:51"		
Corentin	reinette de granville (pomme)	Jeanne	1.85	3	"1993-02-02 01:32:51"		
Corentin	reinette de savoie (pomme)	Jeanne	1.76	9	"1991-11-16 16:59:03"		
Corentin	longue queue (pomme)	Ulysse	0.23	7	"1991-11-16 16:59:03"		
Corentin	bergamote (fruit)	Igor	1.46	4	"1993-12-12 16:59:44"	3	moyen
Corentin	citron (fruit)	Goro	1.82	8	"1993-12-12 16:59:44"		
Corentin	gradirose (pomme)	Lei	1.64	3	"1993-12-12 16:59:44"		
Corentin	céleri (légume)	Rose	1.53	18	"1993-12-12 16:59:44"		
Corentin	airelle (fruit)	Fabienne	1.1	17	"1993-12-12 16:59:44"	2	pas bien
Corentin	piochon (pomme)	Vera	0.71	20	"1993-12-12 16:59:44"		
Corentin	scarole (légume)	Goro	1.2	13	"1993-12-12 16:59:44"		
Corentin	haricot mungo (légume)	Quentin	0.1	16	"1993-12-12 16:59:44"	4	bien
Corentin	constance (pomme)	Igor	1.02	8	"1993-12-12 16:59:44"		
Corentin	sagitta (pomme de terre)	Ulysse	0.38	3	"1993-12-12 16:59:44"		
Corentin	haricot de Lima (légume)	Natalie	0.95	5			
Corentin	ariane (pomme de terre)	Yves	0.87	15			
Corentin	granny smith (pomme)	Vera	1.05	10			
Xian	rambour d'été (pomme)	Corentin	0.22	2	"1992-12-16 01:38:25"		
Xian	scarole (légume)	Goro	1.2	9	"1992-12-16 01:38:25"		
Xian	juliet (pomme)	Prisha	1.31	11	"1992-12-16 01:38:25"		
Xian	onagre (légume)	Yves	0.91	13	"1992-01-20 18:01:30"		
Xian	granny smith (pomme)	Vera	1.05	5	"1992-01-20 18:01:30"		
Xian	juliet (pomme)	Prisha	1.31	4	"1992-01-20 18:01:30"		
Xian	sagitta (pomme de terre)	Ulysse	0.38	17	"1992-01-20 18:01:30"		
Xian	idole (pomme de terre)	Tara	1.4	2	"1992-01-20 18:01:30"		
Xian	gradirose (pomme)	Lei	1.64	14	"1992-01-20 18:01:30"		
Xian	suvi (pomme de terre)	Prisha	0.41	9	"1992-01-20 18:01:30"		
Xian	armada (pomme de terre)	Hélène	1.22	2	"1992-01-20 18:01:30"		
Xian	maigold (pomme)	Oleg	1.87	14	"1992-01-20 18:01:30"		
Xian	ribston pippin (pomme)	Wilson	0.64	13	"1991-12-07 22:59:24"		
Xian	longue queue (pomme)	Ulysse	0.23	17	"1991-12-07 22:59:24"		
Xian	céleri (légume)	Rose	1.53	8	"1991-12-07 22:59:24"		
Xian	longue queue (pomme)	Ulysse	0.23	3	"1992-12-10 08:02:11"		
Xian	courge (légume)	Zoé	1.52	9	"1992-12-10 08:02:11"		
Xian	reinette de savoie (pomme)	Jeanne	1.76	7	"1992-12-10 08:02:11"	2	pas bien
Xian	chataignier (pomme)	Fabienne	1.8	8	"1992-12-10 08:02:11"		
Xian	poire (fruit)	Natalie	1.54	16	"1992-12-10 08:02:11"		
Xian	reinette de granville (pomme)	Jeanne	1.85	15	"1992-12-26 19:10:22"		
Xian	haricot mungo (légume)	Quentin	0.1	17	"1992-12-26 19:10:22"		
Xian	brocoli (légume)	Natalie	1.39	8	"1992-12-26 19:10:22"		
Xian	maigold (pomme)	Oleg	1.87	17	"1992-12-26 19:10:22"		
Xian	cresson alénois (légume)	Oleg	1.42	7	"1992-12-26 19:10:22"		
Xian	poire (fruit)	Natalie	1.54	9	"1992-12-26 19:10:22"		
Xian	reinette de caux (pomme)	Corentin	0.69	3	"1992-12-26 19:10:22"		
Xian	victoria (pomme de terre)	Hélène	0.87	6	"1992-01-24 10:48:04"		
Xian	cresson des jardins (légume)	Jeanne	1.17	1	"1992-01-24 10:48:04"		
Xian	aubele (pomme de terre)	Jeanne	1.43	6	"1992-01-24 10:48:04"		
Xian	vitelotte noire (pomme de terre)	Corentin	1.36	2	"1992-01-24 10:48:04"		
Xian	pomme d'enfer (pomme)	Oleg	0.6	1	"1992-01-24 10:48:04"		
Xian	golden orange (pomme)	Lei	0.02	9	"1992-01-24 10:48:04"		
Xian	juliet (pomme)	Prisha	1.31	14	"1992-01-24 10:48:04"		
Xian	basilic (légume)	Ulysse	0.63	5	"1992-01-24 10:48:04"	2	pas bien
Xian	constance (pomme)	Igor	1.02	6	"1992-01-24 10:48:04"		
Xian	chataignier (pomme)	Fabienne	1.8	18	"1992-01-24 10:48:04"		
Xian	adirondack blue (pomme de terre)	Corentin	0.3	1	"1992-01-24 10:48:04"		
Xian	adirondack blue (pomme de terre)	Corentin	0.3	16	"1991-01-21 07:48:53"		
Xian	royal (pomme de terre)	Lei	1.82	8	"1991-01-21 07:48:53"		
Xian	haricot mungo (légume)	Corentin	0.93	5	"1991-01-21 07:48:53"	2	pas bien
Xian	ariane (pomme de terre)	Yves	0.87	16	"1991-01-21 07:48:53"	3	moyen
Xian	chérie (pomme de terre)	Rose	0.28	8	"1991-12-26 05:16:56"		
Xian	pomme d'enfer (pomme)	Oleg	0.6	19	"1991-12-26 05:16:56"		
Xian	frisée (légume)	Fabienne	0.86	3			
Xian	granny smith (pomme)	Vera	1.05	3			
Xian	konbu (légume)	Goro	1.31	5			
Hélène	aubele (pomme de terre)	Jeanne	1.43	16	"1991-10-23 12:01:57"		
Hélène	radis serpent (légume)	Prisha	0.22	18	"1991-10-23 12:01:57"		
Hélène	cabarette (pomme)	Igor	1.7	3	"1991-10-23 12:01:57"	3	moyen
Hélène	gradirose (pomme)	Lei	1.64	7	"1991-10-23 12:01:57"		
Hélène	william's pride (pomme)	Corentin	0.87	19	"1991-10-23 12:01:57"		
Hélène	reinette de savoie (pomme)	Jeanne	1.76	2	"1991-10-23 12:01:57"		
Hélène	raifort (légume)	Goro	2.0	5	"1991-10-23 12:01:57"		
Hélène	salicorne (légume)	Goro	0.61	16	"1991-10-23 12:01:57"		
Hélène	reinette de granville (pomme)	Jeanne	1.85	13	"1991-10-23 12:01:57"		
Hélène	fève (légume)	Erwan	1.88	2	"1991-10-23 12:01:57"		
Hélène	royal (pomme de terre)	Lei	1.82	14	"1991-10-23 12:01:57"		
Hélène	raifort (légume)	Goro	2.0	17	"1993-06-14 17:52:50"		
Hélène	idole (pomme de terre)	Tara	1.4	15	"1993-06-14 17:52:50"		
Hélène	piochon (pomme)	Vera	0.71	3	"1993-06-14 17:52:50"		
Hélène	reinette de caux (pomme)	Corentin	0.69	16	"1993-06-14 17:52:50"		
Hélène	kancon (légume)	Oleg	1.43	5	"1993-06-14 17:52:50"		
Hélène	casablanca (pomme de terre)	Fabienne	0.92	4	"1993-06-14 17:52:50"		
Hélène	suvi (pomme de terre)	Prisha	0.41	11	"1992-08-02 15:48:46"		
Hélène	chataignier (pomme)	Fabienne	1.8	4	"1992-08-02 15:48:46"		
Hélène	reinette de granville (pomme)	Jeanne	1.85	18	"1992-08-02 15:48:46"		
Hélène	framboise (fruit)	Prisha	0.79	10	"1992-08-02 15:48:46"		
Hélène	basilic (légume)	Ulysse	0.63	15	"1992-08-02 15:48:46"		
Hélène	airelle (fruit)	Fabienne	1.1	18	"1992-08-02 15:48:46"		
Hélène	golden orange (pomme)	Lei	0.02	5	"1992-03-11 22:18:33"		
Hélène	idole (pomme de terre)	Tara	1.4	11	"1992-03-11 22:18:33"		
Hélène	cara (pomme de terre)	Yves	1.64	17	"1992-03-11 22:18:33"		
Hélène	kancon (légume)	Oleg	1.43	9	"1992-03-11 22:18:33"		
Hélène	suvi (pomme de terre)	Prisha	0.41	1	"1992-03-11 22:18:33"		
Hélène	pomme d'enfer (pomme)	Oleg	0.6	8	"1991-12-06 12:12:33"		
Hélène	ribston pippin (pomme)	Wilson	0.64	16	"1991-12-06 12:12:33"		
Hélène	raifort (légume)	Goro	2.0	8	"1991-12-06 12:12:33"	2	pas bien
Hélène	idole (pomme de terre)	Tara	1.4	17	"1992-09-23 17:43:11"		
Hélène	barima (pomme de terre)	Igor	0.02	13	"1992-09-23 17:43:11"	3	moyen
Hélène	pomme d'enfer (pomme)	Oleg	0.6	5	"1992-09-23 17:43:11"		
Hélène	onagre (légume)	Yves	0.91	2	"1992-09-23 17:43:11"		
Hélène	scarole (légume)	Goro	1.2	11	"1992-09-23 17:43:11"		
Hélène	poire (fruit)	Natalie	1.54	9	"1992-09-23 17:43:11"		
Hélène	courge (légume)	Zoé	1.52	9	"1992-09-23 17:43:11"		
Hélène	galeuse (pomme)	Martin	1.31	6	"1992-09-23 17:43:11"		
Hélène	raifort (légume)	Goro	2.0	2	"1992-09-23 17:43:11"		
Hélène	adirondack blue (pomme de terre)	Corentin	0.3	19	"1992-09-23 17:43:11"		
Hélène	reinette de granville (pomme)	Jeanne	1.85	3	"1992-08-25 17:56:42"		
Hélène	ribston pippin (pomme)	Wilson	0.64	11	"1992-08-25 17:56:42"		
Hélène	amyla (pomme de terre)	Jeanne	1.55	17	"1992-08-25 17:56:42"		
Hélène	idole (pomme de terre)	Tara	1.4	17	"1992-08-25 17:56:42"		
Hélène	fève (légume)	Erwan	1.88	15	"1992-08-25 17:56:42"		
Hélène	suvi (pomme de terre)	Prisha	0.41	7	"1992-08-25 17:56:42"		
Hélène	cresson alénois (légume)	Oleg	1.42	18	"1992-08-25 17:56:42"		
Hélène	juliet (pomme)	Prisha	1.31	7	"1992-05-11 17:21:11"		
Hélène	chataignier (pomme)	Fabienne	1.8	19	"1992-05-11 17:21:11"		
Hélène	onagre (légume)	Yves	0.91	17	"1992-05-11 17:21:11"		
Hélène	maigold (pomme)	Oleg	1.87	19	"1992-05-11 17:21:11"		
Hélène	poire (fruit)	Natalie	1.54	8	"1992-05-11 17:21:11"		
Hélène	ail rocambole (légume)	Xian	1.84	12	"1992-05-11 17:21:11"		
Hélène	haricot de Lima (légume)	Natalie	0.95	10	"1992-05-11 17:21:11"	4	bien
Hélène	haricot mungo (légume)	Quentin	0.1	4	"1992-05-11 17:21:11"		
Hélène	granny smith (pomme)	Vera	1.05	13	"1992-05-11 17:21:11"		
Hélène	konbu (légume)	Goro	1.31	20	"1992-05-11 17:21:11"		
Hélène	scarole (légume)	Goro	1.2	16	"1992-05-11 17:21:11"		
Hélène	modi (pomme)	Yves	1.44	9	"1993-09-18 21:50:00"	4	bien
Hélène	piochon (pomme)	Vera	0.71	14	"1993-09-18 21:50:00"		
Hélène	brocoli chinois (légume)	Rose	0.04	13	"1993-09-18 21:50:00"		
Hélène	haricot mungo (légume)	Quentin	0.1	7	"1993-09-18 21:50:00"		
Hélène	constance (pomme)	Igor	1.02	13	"1993-09-18 21:50:00"		
Hélène	william's pride (pomme)	Corentin	0.87	2	"1993-09-18 21:50:00"	3	moyen
Hélène	airelle (fruit)	Fabienne	1.1	16	"1993-09-18 21:50:00"		
Hélène	cara (pomme de terre)	Yves	1.64	20	"1993-09-18 21:50:00"		
Hélène	galeuse (pomme)	Martin	1.31	10	"1993-09-18 21:50:00"		
Hélène	barima (pomme de terre)	Igor	0.02	2			
Hélène	haricot de Lima (légume)	Natalie	0.95	20			
Erwan	ribston pippin (pomme)	Wilson	0.64	17	"1991-07-17 11:43:16"		
Erwan	annabelle (pomme de terre)	Ulysse	0.06	13	"1991-07-17 11:43:16"		
Erwan	salicorne (légume)	Goro	0.61	6	"1991-07-17 11:43:16"		
Erwan	constance (pomme)	Igor	1.02	8	"1991-07-17 11:43:16"		
Erwan	casablanca (pomme de terre)	Fabienne	0.92	16	"1991-07-17 11:43:16"		
Erwan	pomme empire (pomme)	Vera	0.81	4			
Erwan	piochon (pomme)	Vera	0.71	7			
Erwan	victoria (pomme de terre)	Hélène	0.87	18			
Hélène	amyla (pomme de terre)	Jeanne	1.55	20	"1993-03-28 10:46:06"		
Hélène	vitelotte noire (pomme de terre)	Corentin	1.36	16	"1993-03-28 10:46:06"		
Hélène	barima (pomme de terre)	Igor	0.02	14	"1993-03-28 10:46:06"		
Hélène	granny smith (pomme)	Vera	1.05	9	"1993-03-28 10:46:06"		
Hélène	rambour d'été (pomme)	Corentin	0.22	17	"1993-11-09 16:22:41"	2	pas bien
Hélène	bergamote (fruit)	Igor	1.46	16	"1993-11-09 16:22:41"		
Hélène	piochon (pomme)	Vera	0.71	2	"1993-11-09 16:22:41"		
Hélène	céleri (légume)	Rose	1.53	9	"1993-11-09 16:22:41"		
Hélène	reinette de granville (pomme)	Jeanne	1.85	18	"1993-11-09 16:22:41"		
Hélène	pomme empire (pomme)	Vera	0.81	7	"1993-11-09 16:22:41"		
Hélène	annabelle (pomme de terre)	Ulysse	0.06	10	"1993-11-09 16:22:41"	3	moyen
Hélène	premiere (pomme de terre)	Martin	0.51	5	"1993-11-09 16:22:41"		
Hélène	cresson des jardins (légume)	Jeanne	1.17	17	"1993-11-09 16:22:41"		
Hélène	william's pride (pomme)	Corentin	0.87	19	"1991-11-22 00:36:33"		
Hélène	redstar (pomme de terre)	Xian	1.39	9	"1991-11-22 00:36:33"		
Hélène	reinette grise de saintonge (pomme)	Jeanne	0.25	12	"1991-11-22 00:36:33"		
Hélène	galeuse (pomme)	Martin	1.31	13	"1991-11-22 00:36:33"		
Hélène	royal (pomme de terre)	Lei	1.82	8	"1991-11-22 00:36:33"		
Hélène	gradirose (pomme)	Lei	1.64	9	"1992-11-04 12:53:39"		
Hélène	bergamote (fruit)	Igor	1.46	9	"1993-12-17 14:45:29"	2	pas bien
Hélène	maigold (pomme)	Oleg	1.87	19	"1993-12-17 14:45:29"		
Hélène	ariane (pomme de terre)	Yves	0.87	10	"1991-11-16 04:00:45"		
Hélène	chataignier (pomme)	Fabienne	1.8	17	"1991-11-16 04:00:45"	4	bien
Hélène	brocoli (légume)	Natalie	1.39	1	"1991-11-16 04:00:45"		
Hélène	salicorne (légume)	Goro	0.61	9	"1991-11-16 04:00:45"		
Hélène	onagre (légume)	Yves	0.91	4	"1991-11-16 04:00:45"		
Hélène	haricot mungo (légume)	Quentin	0.1	11	"1991-11-16 04:00:45"		
Hélène	galeuse (pomme)	Martin	1.31	14	"1992-12-24 03:29:53"		
Hélène	cara (pomme de terre)	Fabienne	0.99	1	"1992-12-24 03:29:53"		
Hélène	granny smith (pomme)	Vera	1.05	9	"1992-12-24 03:29:53"		
Hélène	poire (fruit)	Natalie	1.54	13	"1992-12-24 03:29:53"		
Hélène	constance (pomme)	Igor	1.02	6	"1992-02-16 22:32:38"		
Hélène	pomme empire (pomme)	Vera	0.81	14	"1992-02-16 22:32:38"		
Hélène	haricot de Lima (légume)	Natalie	0.95	11	"1992-02-16 22:32:38"		
Hélène	pomme empire (pomme)	Vera	0.81	17	"1993-10-26 14:02:13"		
Hélène	sagitta (pomme de terre)	Ulysse	0.38	20	"1993-10-26 14:02:13"		
Hélène	barima (pomme de terre)	Igor	0.02	5	"1993-10-26 14:02:13"		
Hélène	ariane (pomme de terre)	Yves	0.87	5	"1993-10-26 14:02:13"		
Quentin	brocoli chinois (légume)	Rose	0.04	14	"1993-03-18 02:07:05"		
Quentin	modi (pomme)	Yves	1.44	6	"1993-03-18 02:07:05"		
Quentin	basilic (légume)	Ulysse	0.63	5	"1993-03-18 02:07:05"		
Quentin	haricot mungo (légume)	Corentin	0.93	20	"1993-03-18 02:07:05"		
Quentin	longue queue (pomme)	Ulysse	0.23	2	"1993-03-18 02:07:05"		
Quentin	aubele (pomme de terre)	Jeanne	1.43	15	"1993-03-18 02:07:05"		
Quentin	idole (pomme de terre)	Tara	1.4	5	"1993-03-18 02:07:05"		
Quentin	asterix (pomme de terre)	Danielle	1.84	1	"1993-03-18 02:07:05"		
Quentin	reinette de granville (pomme)	Jeanne	1.85	8	"1993-03-18 02:07:05"		
Quentin	constance (pomme)	Igor	1.02	16	"1993-03-18 02:07:05"		
Quentin	constance (pomme)	Igor	1.02	12	"1993-04-02 16:55:21"	4	bien
Quentin	suvi (pomme de terre)	Prisha	0.41	4	"1993-04-13 03:02:43"	4	bien
Quentin	haricot mungo (légume)	Corentin	0.93	3	"1993-04-13 03:02:43"		
Quentin	lord lambourne (pomme)	Martin	1.87	16	"1993-04-13 03:02:43"		
Quentin	premiere (pomme de terre)	Martin	0.51	18	"1993-04-13 03:02:43"		
Quentin	reinette de caux (pomme)	Corentin	0.69	8	"1992-03-15 21:46:08"		
Quentin	radis serpent (légume)	Prisha	0.22	9	"1992-03-15 21:46:08"	5	parfait
Quentin	ariane (pomme de terre)	Yves	0.87	3	"1992-03-15 21:46:08"		
Quentin	cresson alénois (légume)	Oleg	1.42	14	"1993-10-11 12:25:41"		
Quentin	bon père (pomme)	Xian	0.2	9	"1993-10-11 12:25:41"		
Quentin	cara (pomme de terre)	Fabienne	0.99	11	"1993-10-11 12:25:41"		
Quentin	reinette grise de saintonge (pomme)	Jeanne	0.25	20	"1993-10-11 12:25:41"		
Quentin	haricot mungo (légume)	Corentin	0.93	20	"1993-10-11 12:25:41"		
Quentin	redstar (pomme de terre)	Xian	1.39	16	"1993-10-11 12:25:41"		
Quentin	chérie (pomme de terre)	Rose	0.28	17	"1993-10-11 12:25:41"		
Quentin	bergamote (fruit)	Igor	1.46	5	"1993-10-11 12:25:41"		
Quentin	radicchio (légume)	Prisha	0.47	15	"1993-10-11 12:25:41"		
Quentin	casablanca (pomme de terre)	Fabienne	0.92	9	"1993-10-11 12:25:41"		
Quentin	constance (pomme)	Igor	1.02	9			
Quentin	brocoli chinois (légume)	Rose	0.04	13			
Oleg	barima (pomme de terre)	Igor	0.02	15	"1992-07-16 23:14:03"		
Oleg	ail rocambole (légume)	Xian	1.84	15	"1992-07-16 23:14:03"		
Oleg	modi (pomme)	Yves	1.44	8	"1992-07-16 23:14:03"		
Martin	william's pride (pomme)	Corentin	0.87	1	"1991-02-27 14:29:57"		
Martin	aubele (pomme de terre)	Jeanne	1.43	6	"1991-02-27 14:29:57"		
Martin	cresson des jardins (légume)	Jeanne	1.17	19	"1991-02-27 14:29:57"		
Martin	kancon (légume)	Oleg	1.43	20	"1991-02-27 14:29:57"		
Martin	amyla (pomme de terre)	Jeanne	1.55	1	"1991-02-27 14:29:57"		
Martin	basilic (légume)	Ulysse	0.63	14	"1991-09-21 04:17:33"		
Martin	bon père (pomme)	Xian	0.2	16	"1992-05-03 01:44:22"		
Martin	longue queue (pomme)	Ulysse	0.23	12	"1992-05-03 01:44:22"		
Martin	coqueret du Pérou (légume)	Vera	0.44	20	"1992-05-03 01:44:22"		
Martin	modi (pomme)	Yves	1.44	20	"1992-05-03 01:44:22"		
Martin	airelle (fruit)	Fabienne	1.1	14	"1992-05-03 01:44:22"	2	pas bien
Martin	longue queue (pomme)	Ulysse	0.23	19	"1992-06-23 15:56:58"		
Martin	granny smith (pomme)	Vera	1.05	10	"1992-06-23 15:56:58"		
Martin	framboise (fruit)	Prisha	0.79	10	"1992-06-23 15:56:58"		
Martin	cresson alénois (légume)	Oleg	1.42	7	"1992-06-23 15:56:58"		
Martin	pomme empire (pomme)	Vera	0.81	12	"1992-06-23 15:56:58"		
Martin	piochon (pomme)	Vera	0.71	13	"1992-06-23 15:56:58"		
Martin	salicorne (légume)	Goro	0.61	1	"1992-02-22 13:40:13"		
Martin	reinette grise de saintonge (pomme)	Jeanne	0.25	15	"1992-02-22 13:40:13"		
Martin	modi (pomme)	Yves	1.44	5	"1992-02-22 13:40:13"		
Martin	royal (pomme de terre)	Lei	1.82	9	"1992-02-22 13:40:13"		
Martin	victoria (pomme de terre)	Hélène	0.87	19	"1992-02-22 13:40:13"		
Martin	armada (pomme de terre)	Hélène	1.22	11	"1992-02-22 13:40:13"		
Martin	piochon (pomme)	Vera	0.71	11	"1991-04-25 00:24:36"		
Martin	gradirose (pomme)	Lei	1.64	3	"1991-04-25 00:24:36"		
Martin	radicchio (légume)	Prisha	0.47	13	"1991-04-25 00:24:36"		
Martin	reinette de savoie (pomme)	Jeanne	1.76	7	"1991-02-23 21:35:38"		
Martin	salicorne (légume)	Goro	0.61	16	"1993-05-10 16:37:40"		
Martin	cresson des jardins (légume)	Jeanne	1.17	20	"1992-05-26 18:43:22"		
Martin	ribston pippin (pomme)	Wilson	0.64	10	"1992-05-26 18:43:22"	3	moyen
Martin	ariane (pomme de terre)	Yves	0.87	1	"1992-05-26 18:43:22"		
Wilson	bergamote (fruit)	Igor	1.46	20	"1993-09-26 22:22:02"		
Wilson	cara (pomme de terre)	Yves	1.64	9	"1993-09-26 22:22:02"		
Wilson	juliet (pomme)	Prisha	1.31	15	"1993-09-26 22:22:02"	1	nul
Wilson	cresson des jardins (légume)	Jeanne	1.17	3	"1993-09-26 22:22:02"		
Wilson	rambour d'été (pomme)	Corentin	0.22	12	"1993-06-23 15:07:23"		
Wilson	cresson alénois (légume)	Oleg	1.42	3	"1993-06-23 15:07:23"		
Wilson	konbu (légume)	Goro	1.31	1	"1993-06-23 15:07:23"		
Wilson	golden orange (pomme)	Lei	0.02	13	"1993-06-23 15:07:23"		
Wilson	reinette de savoie (pomme)	Jeanne	1.76	10	"1993-06-23 15:07:23"		
Wilson	frisée (légume)	Fabienne	0.86	17	"1993-06-23 15:07:23"		
Wilson	pomme d'enfer (pomme)	Oleg	0.6	16	"1993-06-23 15:07:23"	3	moyen
Wilson	brocoli chinois (légume)	Rose	0.04	5	"1993-01-21 21:24:43"		
Wilson	poire (fruit)	Natalie	1.54	1	"1993-01-21 21:24:43"		
Wilson	galeuse (pomme)	Martin	1.31	4	"1993-01-21 21:24:43"		
Wilson	fève (légume)	Erwan	1.88	15	"1993-01-21 21:24:43"		
Wilson	gradirose (pomme)	Lei	1.64	6	"1993-01-21 21:24:43"		
Wilson	scarole (légume)	Goro	1.2	4	"1993-01-21 21:24:43"		
Wilson	courge (légume)	Zoé	1.52	13	"1993-01-21 21:24:43"		
Wilson	framboise (fruit)	Prisha	0.79	2	"1993-01-21 21:24:43"		
Wilson	longue queue (pomme)	Ulysse	0.23	19	"1993-01-21 21:24:43"		
Wilson	barima (pomme de terre)	Igor	0.02	8	"1991-02-22 02:56:28"	4	bien
Wilson	william's pride (pomme)	Corentin	0.87	4	"1991-02-22 02:56:28"		
Wilson	adirondack blue (pomme de terre)	Corentin	0.3	11	"1991-02-22 02:56:28"		
Wilson	sagitta (pomme de terre)	Ulysse	0.38	5	"1991-02-22 02:56:28"		
Wilson	armada (pomme de terre)	Hélène	1.22	14	"1991-02-22 02:56:28"		
Wilson	idole (pomme de terre)	Tara	1.4	13	"1991-02-22 02:56:28"		
Wilson	maigold (pomme)	Oleg	1.87	16	"1991-02-22 02:56:28"		
Wilson	chérie (pomme de terre)	Rose	0.28	20	"1991-02-22 02:56:28"		
Wilson	kardal (pomme de terre)	Tara	1.67	2	"1991-02-22 02:56:28"		
Wilson	reinette de savoie (pomme)	Jeanne	1.76	14	"1991-02-22 02:56:28"	3	moyen
Wilson	bergamote (fruit)	Igor	1.46	15	"1991-02-22 02:56:28"		
Igor	modi (pomme)	Yves	1.44	10	"1993-05-06 02:37:26"		
Igor	reinette de savoie (pomme)	Jeanne	1.76	4	"1993-05-06 02:37:26"		
Igor	frisée (légume)	Fabienne	0.86	19	"1993-05-06 02:37:26"		
Igor	bon père (pomme)	Xian	0.2	9	"1993-05-06 02:37:26"		
Igor	maigold (pomme)	Oleg	1.87	6	"1993-05-06 02:37:26"		
Igor	piochon (pomme)	Vera	0.71	11	"1993-05-06 02:37:26"		
Igor	ariane (pomme)	Martin	1.75	16	"1993-05-06 02:37:26"	4	bien
Igor	juliet (pomme)	Prisha	1.31	1	"1993-05-06 02:37:26"	4	bien
Igor	asterix (pomme de terre)	Danielle	1.84	5	"1992-06-14 02:36:06"	5	parfait
Igor	granny smith (pomme)	Vera	1.05	20	"1992-06-14 02:36:06"		
Igor	piochon (pomme)	Vera	0.71	7	"1992-06-14 02:36:06"		
Igor	reinette grise de saintonge (pomme)	Jeanne	0.25	7	"1992-06-14 02:36:06"		
Igor	ariane (pomme)	Martin	1.75	9	"1992-06-14 02:36:06"		
Igor	fève (légume)	Erwan	1.88	19	"1992-11-27 00:00:25"		
Igor	redstar (pomme de terre)	Xian	1.39	16	"1992-11-27 00:00:25"		
Vera	reinette grise de saintonge (pomme)	Jeanne	0.25	9	"1992-06-05 03:47:48"		
Vera	airelle (fruit)	Fabienne	1.1	11	"1992-06-05 03:47:48"		
Vera	reinette de granville (pomme)	Jeanne	1.85	5	"1992-06-05 03:47:48"		
Vera	premiere (pomme de terre)	Martin	0.51	7	"1992-06-05 03:47:48"		
Vera	chataignier (pomme)	Fabienne	1.8	11	"1992-06-05 03:47:48"		
Vera	haricot de Lima (légume)	Natalie	0.95	10	"1992-09-17 13:08:08"		
Vera	ariane (pomme)	Martin	1.75	6	"1992-09-17 13:08:08"		
Vera	poire (fruit)	Natalie	1.54	17	"1992-09-17 13:08:08"	3	moyen
Vera	céleri (légume)	Rose	1.53	12	"1992-09-17 13:08:08"	2	pas bien
Vera	radis serpent (légume)	Prisha	0.22	20	"1992-09-17 13:08:08"		
Vera	raifort (légume)	Goro	2.0	3	"1992-09-17 13:08:08"		
Vera	barima (pomme de terre)	Igor	0.02	4	"1992-09-17 13:08:08"		
Vera	frisée (légume)	Fabienne	0.86	2	"1992-09-17 13:08:08"		
Vera	airelle (fruit)	Fabienne	1.1	8	"1992-09-17 13:08:08"	3	moyen
Vera	amyla (pomme de terre)	Jeanne	1.55	4	"1992-09-17 13:08:08"		
Vera	cara (pomme de terre)	Fabienne	0.99	5	"1992-08-09 01:42:08"		
Vera	raifort (légume)	Goro	2.0	8	"1992-08-09 01:42:08"		
Vera	brocoli (légume)	Natalie	1.39	7	"1992-08-09 01:42:08"		
Vera	idole (pomme de terre)	Tara	1.4	7	"1992-08-09 01:42:08"		
Vera	chérie (pomme de terre)	Rose	0.28	10	"1992-08-09 01:42:08"		
Vera	haricot de Lima (légume)	Natalie	0.95	3	"1992-08-09 01:42:08"		
Vera	aubele (pomme de terre)	Jeanne	1.43	6	"1992-08-09 01:42:08"		
Vera	juliet (pomme)	Prisha	1.31	20	"1992-08-09 01:42:08"		
Vera	redstar (pomme de terre)	Xian	1.39	6	"1992-08-09 01:42:08"	3	moyen
Vera	cara (pomme de terre)	Yves	1.64	1	"1992-08-09 01:42:08"		
Vera	ribston pippin (pomme)	Wilson	0.64	7	"1991-08-14 04:04:44"		
Vera	frisée (légume)	Fabienne	0.86	19	"1991-08-14 04:04:44"		
Vera	reinette de granville (pomme)	Jeanne	1.85	7	"1991-08-14 04:04:44"		
Vera	maigold (pomme)	Oleg	1.87	16	"1991-08-14 04:04:44"		
Vera	haricot mungo (légume)	Corentin	0.93	19	"1991-08-14 04:04:44"		
Vera	haricot mungo (légume)	Quentin	0.1	12	"1991-08-14 04:04:44"		
Vera	brocoli chinois (légume)	Rose	0.04	7	"1992-04-05 23:48:19"		
Vera	reinette de granville (pomme)	Jeanne	1.85	15	"1992-04-05 23:48:19"		
Vera	reinette de savoie (pomme)	Jeanne	1.76	11	"1991-08-25 10:56:04"	4	bien
Vera	basilic (légume)	Ulysse	0.63	13	"1991-08-25 10:56:04"		
Vera	juliet (pomme)	Prisha	1.31	1	"1991-08-25 10:56:04"		
Vera	cara (pomme de terre)	Yves	1.64	15	"1991-08-25 10:56:04"		
Vera	barima (pomme de terre)	Igor	0.02	5	"1991-08-25 10:56:04"		
Vera	radis serpent (légume)	Prisha	0.22	14	"1991-08-25 10:56:04"		
Vera	aubele (pomme de terre)	Jeanne	1.43	12	"1991-08-25 10:56:04"		
Vera	premiere (pomme de terre)	Martin	0.51	13	"1991-08-25 10:56:04"		
Vera	haricot mungo (légume)	Quentin	0.1	15	"1991-08-25 10:56:04"		
Vera	suvi (pomme de terre)	Prisha	0.41	18	"1991-08-25 10:56:04"		
Vera	maigold (pomme)	Oleg	1.87	12	"1991-08-25 10:56:04"		
Vera	idole (pomme de terre)	Tara	1.4	3	"1993-10-23 17:25:40"		
Vera	galeuse (pomme)	Martin	1.31	15	"1993-10-23 17:25:40"		
Vera	cara (pomme de terre)	Yves	1.64	9	"1993-10-23 17:25:40"	4	bien
Vera	asterix (pomme de terre)	Danielle	1.84	14	"1993-10-23 17:25:40"		
Vera	rambour d'été (pomme)	Corentin	0.22	2	"1993-10-23 17:25:40"		
Vera	aubele (pomme de terre)	Jeanne	1.43	6	"1993-10-23 17:25:40"		
Vera	chataignier (pomme)	Fabienne	1.8	3	"1993-10-23 17:25:40"		
Vera	juliet (pomme)	Prisha	1.31	7	"1993-10-23 17:25:40"		
Vera	airelle (fruit)	Fabienne	1.1	8	"1993-10-23 17:25:40"		
Vera	ribston pippin (pomme)	Wilson	0.64	4	"1993-10-23 17:25:40"	4	bien
Jeanne	courge (légume)	Zoé	1.52	11	"1991-08-08 04:16:59"		
Jeanne	raifort (légume)	Goro	2.0	4	"1991-08-08 04:16:59"		
Jeanne	onagre (légume)	Yves	0.91	5	"1991-08-08 04:16:59"		
Jeanne	courge (légume)	Zoé	1.52	19	"1992-10-19 10:29:02"		
Jeanne	rambour d'été (pomme)	Corentin	0.22	15	"1992-10-19 10:29:02"		
Jeanne	gradirose (pomme)	Lei	1.64	15	"1992-10-19 10:29:02"		
Jeanne	basilic (légume)	Ulysse	0.63	19	"1992-10-19 10:29:02"		
Jeanne	ariane (pomme)	Martin	1.75	20	"1993-05-20 00:55:59"		
Jeanne	lord lambourne (pomme)	Martin	1.87	13	"1993-05-20 00:55:59"		
Jeanne	adirondack blue (pomme de terre)	Corentin	0.3	20	"1993-05-20 00:55:59"		
Jeanne	maigold (pomme)	Oleg	1.87	13	"1993-05-20 00:55:59"		
Jeanne	armada (pomme de terre)	Hélène	1.22	14	"1993-05-20 00:55:59"		
Jeanne	céleri (légume)	Rose	1.53	19	"1992-10-13 15:41:27"		
Jeanne	piochon (pomme)	Vera	0.71	9	"1992-10-13 15:41:27"		
Jeanne	vitelotte noire (pomme de terre)	Corentin	1.36	14	"1992-10-13 15:41:27"		
Jeanne	kancon (légume)	Oleg	1.43	11	"1992-10-13 15:41:27"		
Jeanne	ail rocambole (légume)	Xian	1.84	12	"1992-09-17 02:27:18"		
Jeanne	haricot mungo (légume)	Corentin	0.93	8	"1992-09-17 02:27:18"		
Jeanne	konbu (légume)	Goro	1.31	1	"1992-09-17 02:27:18"		
Jeanne	sagitta (pomme de terre)	Ulysse	0.38	10	"1992-09-17 02:27:18"		
Jeanne	piochon (pomme)	Vera	0.71	10	"1992-09-17 02:27:18"		
Jeanne	pomme empire (pomme)	Vera	0.81	4	"1992-09-17 02:27:18"		
Jeanne	scarole (légume)	Goro	1.2	18	"1992-09-17 02:27:18"		
Jeanne	golden orange (pomme)	Lei	0.02	2	"1992-09-17 02:27:18"		
Jeanne	brocoli (légume)	Natalie	1.39	11	"1992-09-17 02:27:18"		
Jeanne	granny smith (pomme)	Vera	1.05	18	"1992-09-17 02:27:18"		
Jeanne	bon père (pomme)	Xian	0.2	10	"1991-10-16 23:29:58"		
Jeanne	lord lambourne (pomme)	Martin	1.87	18	"1991-10-16 23:29:58"	3	moyen
Jeanne	fève (légume)	Erwan	1.88	6	"1991-10-16 23:29:58"		
Jeanne	idole (pomme de terre)	Tara	1.4	18	"1991-10-16 23:29:58"		
Jeanne	piochon (pomme)	Vera	0.71	17	"1991-10-16 23:29:58"		
Jeanne	premiere (pomme de terre)	Martin	0.51	7	"1991-10-16 23:29:58"		
Jeanne	scarole (légume)	Goro	1.2	7	"1991-10-16 23:29:58"		
Jeanne	haricot de Lima (légume)	Natalie	0.95	10	"1991-10-16 23:29:58"		
Jeanne	reinette de caux (pomme)	Corentin	0.69	1	"1991-10-16 23:29:58"		
Jeanne	armada (pomme de terre)	Hélène	1.22	12	"1991-10-16 23:29:58"		
Jeanne	ariane (pomme)	Martin	1.75	7	"1993-12-25 11:06:49"		
Jeanne	vitelotte noire (pomme de terre)	Corentin	1.36	1	"1993-12-25 11:06:49"		
Jeanne	courge (légume)	Zoé	1.52	12	"1993-12-25 11:06:49"		
Jeanne	armada (pomme de terre)	Hélène	1.22	1	"1991-09-18 16:34:00"		
Jeanne	golden orange (pomme)	Lei	0.02	1	"1991-09-18 16:34:00"		
Jeanne	cabarette (pomme)	Igor	1.7	7	"1991-09-18 16:34:00"		
Jeanne	reinette de caux (pomme)	Corentin	0.69	20	"1992-04-14 17:13:51"		
Jeanne	fève (légume)	Erwan	1.88	1	"1992-04-14 17:13:51"		
Jeanne	constance (pomme)	Igor	1.02	3	"1992-04-14 17:13:51"		
Jeanne	cara (pomme de terre)	Yves	1.64	12	"1992-04-14 17:13:51"		
Jeanne	coqueret du Pérou (légume)	Vera	0.44	20	"1992-11-03 03:28:50"	2	pas bien
Jeanne	haricot de Lima (légume)	Natalie	0.95	10	"1992-11-03 03:28:50"		
Jeanne	sagitta (pomme de terre)	Ulysse	0.38	2	"1992-11-03 03:28:50"		
Jeanne	onagre (légume)	Yves	0.91	18	"1992-11-03 03:28:50"		
Jeanne	casablanca (pomme de terre)	Fabienne	0.92	20	"1992-11-03 03:28:50"	4	bien
Jeanne	chérie (pomme de terre)	Rose	0.28	1	"1992-11-03 03:28:50"		
Jeanne	cabarette (pomme)	Igor	1.7	5	"1992-11-03 03:28:50"		
Jeanne	ail rocambole (légume)	Xian	1.84	11	"1992-11-03 03:28:50"		
Jeanne	vitelotte noire (pomme de terre)	Corentin	1.36	13	"1991-01-01 01:20:30"		
Jeanne	chataignier (pomme)	Fabienne	1.8	12	"1991-01-01 01:20:30"		
Jeanne	casablanca (pomme de terre)	Fabienne	0.92	8	"1991-01-01 01:20:30"		
Jeanne	royal (pomme de terre)	Lei	1.82	20	"1991-01-01 01:20:30"		
Jeanne	annabelle (pomme de terre)	Ulysse	0.06	17	"1991-01-01 01:20:30"		
Jeanne	frisée (légume)	Fabienne	0.86	16	"1992-08-01 17:55:32"		
Jeanne	rambour d'été (pomme)	Corentin	0.22	5	"1992-08-01 17:55:32"		
Jeanne	céleri (légume)	Rose	1.53	8	"1992-08-01 17:55:32"		
Jeanne	cara (pomme de terre)	Fabienne	0.99	13	"1992-08-01 17:55:32"		
Jeanne	haricot de Lima (légume)	Natalie	0.95	2	"1992-06-14 11:11:16"		
Jeanne	piochon (pomme)	Vera	0.71	10	"1992-06-14 11:11:16"	2	pas bien
Jeanne	framboise (fruit)	Prisha	0.79	14	"1992-06-14 11:11:16"		
Jeanne	brocoli (légume)	Natalie	1.39	16	"1992-06-14 11:11:16"	3	moyen
Jeanne	william's pride (pomme)	Corentin	0.87	11	"1992-06-14 11:11:16"		
Jeanne	poire (fruit)	Natalie	1.54	16	"1992-06-14 11:11:16"		
Jeanne	adirondack blue (pomme de terre)	Corentin	0.3	6	"1992-06-14 11:11:16"		
Jeanne	kardal (pomme de terre)	Tara	1.67	9	"1992-06-14 11:11:16"		
Jeanne	ail rocambole (légume)	Xian	1.84	19	"1992-06-14 11:11:16"		
Jeanne	céleri (légume)	Rose	1.53	7	"1992-06-14 11:11:16"	4	bien
Jeanne	kancon (légume)	Oleg	1.43	14	"1992-11-08 21:32:24"		
Jeanne	bergamote (fruit)	Igor	1.46	11	"1991-05-28 11:04:49"		
Jeanne	cabarette (pomme)	Igor	1.7	16	"1991-05-28 11:04:49"		
Jeanne	ail rocambole (légume)	Xian	1.84	14	"1991-05-28 11:04:49"		
Jeanne	pomme empire (pomme)	Vera	0.81	10	"1991-05-28 11:04:49"		
Jeanne	frisée (légume)	Fabienne	0.86	17	"1991-05-28 11:04:49"		
Jeanne	salicorne (légume)	Goro	0.61	20	"1991-05-28 11:04:49"		
Jeanne	piochon (pomme)	Vera	0.71	20	"1991-05-28 11:04:49"		
Jeanne	armada (pomme de terre)	Hélène	1.22	15	"1992-12-15 12:22:01"		
Jeanne	galeuse (pomme)	Martin	1.31	3	"1992-12-15 12:22:01"		
Jeanne	chataignier (pomme)	Fabienne	1.8	13	"1992-12-15 12:22:01"		
Jeanne	konbu (légume)	Goro	1.31	15	"1992-12-15 12:22:01"		
Jeanne	haricot mungo (légume)	Corentin	0.93	8	"1992-12-15 12:22:01"		
Jeanne	haricot mungo (légume)	Quentin	0.1	4	"1992-12-15 12:22:01"		
Jeanne	rambour d'été (pomme)	Corentin	0.22	20	"1992-12-15 12:22:01"		
Jeanne	céleri (légume)	Rose	1.53	11	"1992-11-18 11:07:05"		
Jeanne	barima (pomme de terre)	Igor	0.02	8	"1992-11-18 11:07:05"		
Jeanne	radis serpent (légume)	Prisha	0.22	7	"1992-11-18 11:07:05"		
Jeanne	armada (pomme de terre)	Hélène	1.22	12	"1992-11-18 11:07:05"		
Jeanne	pomme d'enfer (pomme)	Oleg	0.6	19	"1991-08-14 05:49:48"	5	parfait
Jeanne	casablanca (pomme de terre)	Fabienne	0.92	7	"1991-08-14 05:49:48"		
Jeanne	airelle (fruit)	Fabienne	1.1	4	"1991-08-14 05:49:48"		
Jeanne	brocoli chinois (légume)	Rose	0.04	20	"1991-08-14 05:49:48"		
Jeanne	chérie (pomme de terre)	Rose	0.28	16	"1991-08-14 05:49:48"		
Jeanne	rambour d'été (pomme)	Corentin	0.22	7	"1991-08-14 05:49:48"		
Jeanne	basilic (légume)	Ulysse	0.63	12	"1991-08-14 05:49:48"	2	pas bien
Jeanne	cabarette (pomme)	Igor	1.7	4	"1991-08-14 05:49:48"		
Jeanne	haricot mungo (légume)	Quentin	0.1	17	"1991-08-14 05:49:48"		
Jeanne	haricot mungo (légume)	Quentin	0.1	2	"1992-07-09 09:54:16"		
Jeanne	adirondack blue (pomme de terre)	Corentin	0.3	5	"1992-07-09 09:54:16"		
Jeanne	bergamote (fruit)	Igor	1.46	11	"1992-07-09 09:54:16"		
Jeanne	onagre (légume)	Yves	0.91	1			
Jeanne	reinette de caux (pomme)	Corentin	0.69	9			
Xian	chataignier (pomme)	Fabienne	1.8	11	"1991-06-16 22:22:49"		
Xian	coqueret du Pérou (légume)	Vera	0.44	18	"1991-06-16 22:22:49"		
Xian	frisée (légume)	Fabienne	0.86	15	"1991-06-16 22:22:49"		
Xian	haricot mungo (légume)	Quentin	0.1	7	"1991-06-16 22:22:49"		
Xian	premiere (pomme de terre)	Martin	0.51	10	"1991-06-16 22:22:49"		
Xian	vitelotte noire (pomme de terre)	Corentin	1.36	15	"1991-06-16 22:22:49"	5	parfait
Xian	cresson des jardins (légume)	Jeanne	1.17	17	"1991-06-16 22:22:49"	4	bien
Xian	william's pride (pomme)	Corentin	0.87	8	"1991-06-16 22:22:49"		
Xian	ribston pippin (pomme)	Wilson	0.64	8	"1991-06-16 22:22:49"		
Xian	juliet (pomme)	Prisha	1.31	17	"1991-06-16 22:22:49"		
Xian	armada (pomme de terre)	Hélène	1.22	4	"1991-06-16 22:22:49"		
Xian	cara (pomme de terre)	Yves	1.64	1			
Xian	maigold (pomme)	Oleg	1.87	11			
Zoé	céleri (légume)	Rose	1.53	12	"1993-07-20 13:44:30"	3	moyen
Zoé	haricot de Lima (légume)	Natalie	0.95	13	"1993-07-20 13:44:30"		
Zoé	galeuse (pomme)	Martin	1.31	20	"1993-07-20 13:44:30"		
Zoé	longue queue (pomme)	Ulysse	0.23	4	"1993-07-20 13:44:30"		
Zoé	chataignier (pomme)	Fabienne	1.8	8	"1993-07-20 13:44:30"		
Zoé	chataignier (pomme)	Fabienne	1.8	19	"1993-02-21 18:11:49"		
Zoé	idole (pomme de terre)	Tara	1.4	18	"1993-02-21 18:11:49"		
Zoé	reinette de savoie (pomme)	Jeanne	1.76	11	"1993-02-21 18:11:49"	5	parfait
Zoé	céleri (légume)	Rose	1.53	7	"1993-02-21 18:11:49"		
Zoé	brocoli chinois (légume)	Rose	0.04	2	"1993-02-21 18:11:49"		
Zoé	ariane (pomme de terre)	Yves	0.87	4	"1993-02-21 18:11:49"		
Zoé	cara (pomme de terre)	Yves	1.64	2	"1993-02-21 18:11:49"		
Zoé	cara (pomme de terre)	Fabienne	0.99	19	"1993-02-21 18:11:49"		
Martin	sagitta (pomme de terre)	Ulysse	0.38	3	"1993-07-14 19:02:44"		
Martin	aubele (pomme de terre)	Jeanne	1.43	5	"1993-07-14 19:02:44"		
Martin	coqueret du Pérou (légume)	Vera	0.44	4	"1993-07-14 19:02:44"		
Martin	asterix (pomme de terre)	Danielle	1.84	11	"1993-07-14 19:02:44"		
Martin	cresson alénois (légume)	Oleg	1.42	12	"1991-12-17 21:31:52"		
Martin	annabelle (pomme de terre)	Ulysse	0.06	13	"1991-12-17 21:31:52"	4	bien
Martin	modi (pomme)	Yves	1.44	14	"1991-12-17 21:31:52"		
Martin	salicorne (légume)	Goro	0.61	1	"1991-12-17 21:31:52"		
Martin	rambour d'été (pomme)	Corentin	0.22	7	"1991-12-17 21:31:52"		
Martin	constance (pomme)	Igor	1.02	9	"1991-12-17 21:31:52"		
Martin	sagitta (pomme de terre)	Ulysse	0.38	16	"1991-12-17 21:31:52"	3	moyen
Martin	asterix (pomme de terre)	Danielle	1.84	15	"1991-12-17 21:31:52"		
Martin	reinette grise de saintonge (pomme)	Jeanne	0.25	8	"1991-12-17 21:31:52"		
Martin	aubele (pomme de terre)	Jeanne	1.43	8	"1991-12-17 21:31:52"		
Martin	brocoli chinois (légume)	Rose	0.04	9	"1991-12-17 21:31:52"		
Martin	reinette de caux (pomme)	Corentin	0.69	9	"1991-12-25 15:40:04"		
Martin	brocoli chinois (légume)	Rose	0.04	13	"1991-12-25 15:40:04"		
Martin	bergamote (fruit)	Igor	1.46	7	"1991-12-25 15:40:04"		
Martin	salicorne (légume)	Goro	0.61	5	"1991-12-25 13:17:18"		
Martin	victoria (pomme de terre)	Hélène	0.87	20	"1991-12-25 13:17:18"		
Martin	william's pride (pomme)	Corentin	0.87	5	"1991-12-25 13:17:18"	2	pas bien
Martin	onagre (légume)	Yves	0.91	4	"1991-12-25 13:17:18"		
Martin	royal (pomme de terre)	Lei	1.82	4	"1991-12-25 13:17:18"	3	moyen
Martin	frisée (légume)	Fabienne	0.86	13	"1991-12-25 13:17:18"		
Martin	courge (légume)	Zoé	1.52	6	"1991-12-25 13:17:18"		
Martin	asterix (pomme de terre)	Danielle	1.84	6	"1991-12-25 13:17:18"		
Martin	barima (pomme de terre)	Igor	0.02	12	"1991-07-13 13:56:31"		
Martin	chataignier (pomme)	Fabienne	1.8	17	"1991-07-13 13:56:31"		
Martin	cara (pomme de terre)	Fabienne	0.99	1	"1991-07-13 13:56:31"		
Martin	chérie (pomme de terre)	Rose	0.28	11	"1991-07-13 13:56:31"		
Martin	scarole (légume)	Goro	1.2	19	"1992-05-25 10:46:07"		
Martin	constance (pomme)	Igor	1.02	10	"1992-05-25 10:46:07"	4	bien
Martin	framboise (fruit)	Prisha	0.79	6	"1992-05-25 10:46:07"		
Martin	modi (pomme)	Yves	1.44	14	"1992-06-27 17:29:03"		
Martin	cresson des jardins (légume)	Jeanne	1.17	6	"1992-06-27 17:29:03"		
Martin	kardal (pomme de terre)	Tara	1.67	19	"1992-06-27 17:29:03"		
Martin	radis serpent (légume)	Prisha	0.22	15	"1992-06-27 17:29:03"		
Martin	gradirose (pomme)	Lei	1.64	6	"1992-06-27 17:29:03"		
Martin	onagre (légume)	Yves	0.91	1	"1992-06-27 17:29:03"		
Martin	pomme empire (pomme)	Vera	0.81	2	"1992-06-27 17:29:03"		
Martin	suvi (pomme de terre)	Prisha	0.41	12	"1992-06-27 17:29:03"		
Martin	kardal (pomme de terre)	Tara	1.67	8	"1993-04-27 00:44:48"		
Martin	victoria (pomme de terre)	Hélène	0.87	8	"1993-04-27 00:44:48"		
Martin	bon père (pomme)	Xian	0.2	5	"1993-04-27 00:44:48"		
Martin	onagre (légume)	Yves	0.91	15	"1993-04-27 00:44:48"		
Martin	vitelotte noire (pomme de terre)	Corentin	1.36	18	"1993-04-27 00:44:48"		
Martin	adirondack blue (pomme de terre)	Corentin	0.3	15	"1993-04-27 00:44:48"		
Martin	chataignier (pomme)	Fabienne	1.8	15	"1993-04-27 00:44:48"		
Martin	gradirose (pomme)	Lei	1.64	16	"1993-05-27 07:33:51"		
Martin	victoria (pomme de terre)	Hélène	0.87	18	"1993-05-27 07:33:51"		
Martin	framboise (fruit)	Prisha	0.79	10	"1993-05-27 07:33:51"		
Martin	cresson alénois (légume)	Oleg	1.42	10			
Martin	vitelotte noire (pomme de terre)	Corentin	1.36	2			
Martin	onagre (légume)	Yves	0.91	10			
Jeanne	brocoli (légume)	Natalie	1.39	2	"1992-06-12 23:55:13"		
Jeanne	barima (pomme de terre)	Igor	0.02	8	"1992-06-12 23:55:13"		
Jeanne	premiere (pomme de terre)	Martin	0.51	18	"1993-10-28 05:34:36"		
Jeanne	cara (pomme de terre)	Yves	1.64	19	"1993-10-28 05:34:36"		
Jeanne	galeuse (pomme)	Martin	1.31	1	"1993-10-28 05:34:36"		
Jeanne	cresson alénois (légume)	Oleg	1.42	7	"1993-10-28 05:34:36"	3	moyen
Jeanne	konbu (légume)	Goro	1.31	14	"1993-10-28 05:34:36"		
Jeanne	citron (fruit)	Goro	1.82	8	"1993-10-28 05:34:36"		
Jeanne	brocoli (légume)	Natalie	1.39	8	"1993-10-28 05:34:36"		
Jeanne	adirondack blue (pomme de terre)	Corentin	0.3	14	"1993-10-28 05:34:36"		
Jeanne	lord lambourne (pomme)	Martin	1.87	11	"1993-10-28 05:34:36"		
Jeanne	gradirose (pomme)	Lei	1.64	17	"1992-04-11 14:38:05"		
Jeanne	longue queue (pomme)	Ulysse	0.23	5	"1992-04-11 14:38:05"		
Jeanne	cresson alénois (légume)	Oleg	1.42	20	"1992-04-11 14:38:05"		
Jeanne	basilic (légume)	Ulysse	0.63	14	"1992-04-11 14:38:05"		
Jeanne	radis serpent (légume)	Prisha	0.22	20	"1993-05-15 02:42:25"		
Jeanne	haricot mungo (légume)	Quentin	0.1	4	"1993-05-15 02:42:25"		
Jeanne	asterix (pomme de terre)	Danielle	1.84	9	"1993-05-15 02:42:25"		
Jeanne	rambour d'été (pomme)	Corentin	0.22	17	"1993-05-15 02:42:25"		
Jeanne	pomme d'enfer (pomme)	Oleg	0.6	13	"1993-05-15 02:42:25"		
Jeanne	raifort (légume)	Goro	2.0	10	"1993-05-15 02:42:25"		
Jeanne	piochon (pomme)	Vera	0.71	18	"1993-05-15 02:42:25"		
Jeanne	courge (légume)	Zoé	1.52	19	"1993-05-15 02:42:25"		
Jeanne	bergamote (fruit)	Igor	1.46	5	"1993-05-15 02:42:25"		
Jeanne	pomme empire (pomme)	Vera	0.81	4	"1991-03-01 03:45:37"		
Jeanne	modi (pomme)	Yves	1.44	7	"1991-03-01 03:45:37"		
Jeanne	adirondack blue (pomme de terre)	Corentin	0.3	20	"1991-03-01 03:45:37"		
Jeanne	pomme d'enfer (pomme)	Oleg	0.6	13	"1991-03-01 03:45:37"		
Jeanne	céleri (légume)	Rose	1.53	7	"1991-03-01 03:45:37"		
Jeanne	kardal (pomme de terre)	Tara	1.67	7	"1991-03-01 03:45:37"		
Jeanne	haricot mungo (légume)	Corentin	0.93	18	"1991-03-01 03:45:37"		
Jeanne	konbu (légume)	Goro	1.31	20	"1991-03-01 03:45:37"		
Jeanne	armada (pomme de terre)	Hélène	1.22	14	"1991-03-01 03:45:37"		
Jeanne	kancon (légume)	Oleg	1.43	8	"1991-03-01 03:45:37"	3	moyen
Jeanne	citron (fruit)	Goro	1.82	17	"1991-12-03 08:17:29"		
Jeanne	frisée (légume)	Fabienne	0.86	17	"1991-12-03 08:17:29"		
Jeanne	redstar (pomme de terre)	Xian	1.39	15	"1991-12-03 08:17:29"		
Jeanne	basilic (légume)	Ulysse	0.63	4	"1991-12-03 08:17:29"		
Jeanne	barima (pomme de terre)	Igor	0.02	4	"1991-12-03 08:17:29"		
Jeanne	juliet (pomme)	Prisha	1.31	19	"1991-12-03 08:17:29"		
Jeanne	scarole (légume)	Goro	1.2	5	"1991-12-03 08:17:29"		
Jeanne	annabelle (pomme de terre)	Ulysse	0.06	7	"1991-12-03 08:17:29"		
Jeanne	barima (pomme de terre)	Igor	0.02	5	"1991-11-20 17:00:04"		
Jeanne	modi (pomme)	Yves	1.44	8	"1993-04-19 05:21:36"		
Jeanne	cara (pomme de terre)	Fabienne	0.99	12	"1993-04-19 05:21:36"		
Jeanne	pomme empire (pomme)	Vera	0.81	1	"1993-04-19 05:21:36"		
Jeanne	brocoli chinois (légume)	Rose	0.04	20	"1993-04-19 05:21:36"		
Jeanne	chérie (pomme de terre)	Rose	0.28	17	"1993-04-19 05:21:36"		
Jeanne	ariane (pomme de terre)	Yves	0.87	18	"1993-04-19 05:21:36"		
Jeanne	juliet (pomme)	Prisha	1.31	7	"1993-07-05 09:45:31"	3	moyen
Jeanne	victoria (pomme de terre)	Hélène	0.87	7	"1993-07-05 09:45:31"		
Jeanne	maigold (pomme)	Oleg	1.87	3	"1993-07-05 09:45:31"		
Jeanne	poire (fruit)	Natalie	1.54	14	"1993-07-05 09:45:31"		
Jeanne	piochon (pomme)	Vera	0.71	18	"1993-07-05 09:45:31"		
Jeanne	rambour d'été (pomme)	Corentin	0.22	10	"1993-07-05 09:45:31"	2	pas bien
Jeanne	constance (pomme)	Igor	1.02	14	"1993-07-05 09:45:31"		
Jeanne	haricot mungo (légume)	Quentin	0.1	1	"1991-11-09 14:50:24"		
Jeanne	radis serpent (légume)	Prisha	0.22	14	"1991-11-09 14:50:24"		
Jeanne	suvi (pomme de terre)	Prisha	0.41	11	"1991-11-09 14:50:24"		
Jeanne	frisée (légume)	Fabienne	0.86	5	"1991-11-09 14:50:24"		
Jeanne	sagitta (pomme de terre)	Ulysse	0.38	1	"1991-11-09 14:50:24"		
Jeanne	radicchio (légume)	Prisha	0.47	18	"1991-11-09 14:50:24"		
Tara	rambour d'été (pomme)	Corentin	0.22	13	"1993-11-17 21:34:19"		
Tara	pomme empire (pomme)	Vera	0.81	7	"1993-11-17 21:34:19"		
Tara	suvi (pomme de terre)	Prisha	0.41	12	"1993-11-17 21:34:19"		
Tara	haricot mungo (légume)	Corentin	0.93	1	"1993-11-17 21:34:19"	4	bien
Tara	cabarette (pomme)	Igor	1.7	13	"1993-11-17 21:34:19"		
Tara	konbu (légume)	Goro	1.31	19	"1993-11-17 21:34:19"		
Tara	piochon (pomme)	Vera	0.71	7	"1993-11-17 21:34:19"		
Tara	sagitta (pomme de terre)	Ulysse	0.38	19	"1992-06-16 09:25:35"		
Tara	william's pride (pomme)	Corentin	0.87	10	"1992-06-16 09:25:35"		
Tara	redstar (pomme de terre)	Xian	1.39	9	"1992-06-16 09:25:35"		
Tara	piochon (pomme)	Vera	0.71	6	"1992-06-16 09:25:35"		
Tara	haricot de Lima (légume)	Natalie	0.95	7	"1992-06-16 09:25:35"		
Tara	chérie (pomme de terre)	Rose	0.28	16	"1992-09-13 13:10:53"		
Tara	reinette de granville (pomme)	Jeanne	1.85	7	"1992-09-13 13:10:53"		
Tara	citron (fruit)	Goro	1.82	10	"1992-09-13 13:10:53"		
Tara	radis serpent (légume)	Prisha	0.22	11	"1992-09-13 13:10:53"		
Tara	modi (pomme)	Yves	1.44	10	"1992-09-13 13:10:53"		
Tara	cresson alénois (légume)	Oleg	1.42	4	"1992-09-13 13:10:53"		
Tara	reinette de savoie (pomme)	Jeanne	1.76	5	"1992-09-13 13:10:53"		
Tara	aubele (pomme de terre)	Jeanne	1.43	14	"1992-09-13 13:10:53"		
Tara	céleri (légume)	Rose	1.53	1	"1992-09-13 13:10:53"		
Tara	longue queue (pomme)	Ulysse	0.23	15	"1992-09-13 13:10:53"		
Tara	reinette grise de saintonge (pomme)	Jeanne	0.25	6	"1992-09-13 13:10:53"		
Tara	framboise (fruit)	Prisha	0.79	18	"1993-02-10 12:29:15"		
Tara	courge (légume)	Zoé	1.52	1	"1993-02-10 12:29:15"		
Tara	céleri (légume)	Rose	1.53	11	"1993-02-10 12:29:15"		
Tara	asterix (pomme de terre)	Danielle	1.84	5	"1993-02-10 12:29:15"	4	bien
Tara	radis serpent (légume)	Prisha	0.22	2	"1993-02-10 12:29:15"	4	bien
Tara	cara (pomme de terre)	Yves	1.64	14	"1993-02-10 12:29:15"		
Tara	suvi (pomme de terre)	Prisha	0.41	18	"1993-02-10 12:29:15"		
Tara	haricot de Lima (légume)	Natalie	0.95	9	"1993-02-10 12:29:15"	4	bien
Tara	modi (pomme)	Yves	1.44	13	"1993-02-10 12:29:15"		
Tara	coqueret du Pérou (légume)	Vera	0.44	1	"1992-06-16 02:32:43"		
Tara	pomme empire (pomme)	Vera	0.81	5	"1992-06-16 02:32:43"		
Tara	brocoli chinois (légume)	Rose	0.04	1	"1992-06-16 02:32:43"		
Tara	basilic (légume)	Ulysse	0.63	3	"1992-11-27 06:48:37"		
Tara	royal (pomme de terre)	Lei	1.82	9	"1992-11-27 06:48:37"		
Tara	cara (pomme de terre)	Fabienne	0.99	14	"1992-05-13 08:33:27"		
Tara	victoria (pomme de terre)	Hélène	0.87	1	"1992-05-13 08:33:27"	3	moyen
Tara	fève (légume)	Erwan	1.88	9	"1992-05-13 08:33:27"		
Tara	maigold (pomme)	Oleg	1.87	3	"1992-12-11 00:18:48"		
Tara	basilic (légume)	Ulysse	0.63	14	"1992-12-11 00:18:48"		
Tara	piochon (pomme)	Vera	0.71	13	"1992-12-11 00:18:48"		
Tara	haricot mungo (légume)	Corentin	0.93	14	"1992-12-11 00:18:48"		
Tara	piochon (pomme)	Vera	0.71	7	"1991-02-15 02:35:06"	4	bien
Tara	constance (pomme)	Igor	1.02	17	"1991-11-01 06:02:46"		
Tara	fève (légume)	Erwan	1.88	7	"1991-11-01 06:02:46"		
Tara	reinette de granville (pomme)	Jeanne	1.85	4	"1991-11-01 06:02:46"		
Tara	victoria (pomme de terre)	Hélène	0.87	4	"1991-11-01 06:02:46"		
Tara	salicorne (légume)	Goro	0.61	15	"1991-11-01 06:02:46"		
Tara	cresson alénois (légume)	Oleg	1.42	17	"1991-11-01 06:02:46"		
Tara	royal (pomme de terre)	Lei	1.82	17	"1991-11-01 06:02:46"		
Oleg	bergamote (fruit)	Igor	1.46	20	"1993-01-27 14:30:31"		
Oleg	reinette de granville (pomme)	Jeanne	1.85	7	"1993-01-27 14:30:31"		
Oleg	ariane (pomme)	Martin	1.75	15	"1993-01-27 14:30:31"	3	moyen
Oleg	longue queue (pomme)	Ulysse	0.23	13	"1993-01-27 14:30:31"		
Oleg	airelle (fruit)	Fabienne	1.1	7	"1993-01-27 14:30:31"		
Oleg	pomme empire (pomme)	Vera	0.81	1	"1993-01-27 14:30:31"		
Oleg	céleri (légume)	Rose	1.53	1	"1993-01-27 14:30:31"		
Oleg	asterix (pomme de terre)	Danielle	1.84	19	"1993-01-27 14:30:31"		
Oleg	framboise (fruit)	Prisha	0.79	6	"1993-01-27 14:30:31"		
Oleg	onagre (légume)	Yves	0.91	2	"1992-08-02 20:08:04"		
Oleg	chérie (pomme de terre)	Rose	0.28	9	"1992-08-02 20:08:04"		
Oleg	adirondack blue (pomme de terre)	Corentin	0.3	6	"1992-08-02 20:08:04"		
Oleg	barima (pomme de terre)	Igor	0.02	17	"1992-08-02 20:08:04"		
Oleg	poire (fruit)	Natalie	1.54	12	"1992-08-02 20:08:04"		
